Image ,Image Size,Image Modification Data
001.jpg,28140,2023-08-22 23:08:02.469534
002.jpg,21419,2023-08-22 23:08:02.469534
003.jpg,28532,2023-08-22 23:08:02.469534
004.jpg,23055,2023-08-22 23:08:02.469534
005.jpg,27230,2023-08-22 23:08:02.469534
001.jpg,24989,2023-08-22 23:08:02.469534
002.jpg,15936,2023-08-22 23:08:02.469534
003.jpg,29876,2023-08-22 23:08:02.469534
004.jpg,25528,2023-08-22 23:08:02.469534
001.jpg,32579,2023-08-22 23:08:02.485217
002.jpg,21269,2023-08-22 23:08:02.485217
003.jpg,23934,2023-08-22 23:08:02.485217
004.jpg,22563,2023-08-22 23:08:02.485217
005.jpg,19078,2023-08-22 23:08:02.485217
001.jpg,27312,2023-08-22 23:08:02.485217
002.jpg,29003,2023-08-22 23:08:02.485217
003.jpg,24245,2023-08-22 23:08:02.485217
004.jpg,27229,2023-08-22 23:08:02.485217
005.jpg,27239,2023-08-22 23:08:02.485217
006.jpg,25375,2023-08-22 23:08:02.500809
001.jpg,23563,2023-08-22 23:08:02.500809
002.jpg,21818,2023-08-22 23:08:02.500809
003.jpg,27472,2023-08-22 23:08:02.500809
004.jpg,28081,2023-08-22 23:08:02.500809
005.jpg,20990,2023-08-22 23:08:02.500809
006.jpg,26772,2023-08-22 23:08:02.500809
001.jpg,15865,2023-08-22 23:08:02.500809
002.jpg,22423,2023-08-22 23:08:02.500809
003.jpg,21745,2023-08-22 23:08:02.500809
004.jpg,17919,2023-08-22 23:08:02.500809
005.jpg,22788,2023-08-22 23:08:02.516431
001.jpg,21299,2023-08-22 23:08:02.516431
002.jpg,24119,2023-08-22 23:08:02.516431
003.jpg,26829,2023-08-22 23:08:02.516431
004.jpg,22299,2023-08-22 23:08:02.516431
005.jpg,24248,2023-08-22 23:08:02.516431
